Product,Region,Sale,Price,Total
Smartphone,Birgunj,305,62.72,19129.6
laptop,Pokhara,249,792.31,197285.18999999997
Smartphone,Pokhara,425,833.21,354114.25
Headphones,Pokhara,274,573.59,157163.66
laptop,Birgunj,417,1126.73,469846.41000000003
Tablet,Kathmandu,295,1058.26,312186.7
Tablet,Birgunj,456,1914.52,873021.12
Tablet,Kathmandu,462,1330.99,614917.38
Headphones,Birgunj,395,1889.18,746226.1
Headphones,Illam,275,552.14,151838.5
Mouse,Pokhara,219,1487.19,325694.61
Tablet,Birgunj,280,35.94,10063.199999999999
Smartphone,Birgunj,207,1940.24,401629.68
Mouse,Illam,185,1179.92,218285.2
Smartphone,Pokhara,340,150.47,51159.8
Smartphone,Illam,229,79.64,18237.56
Tablet,Illam,141,1506.34,212393.94
Mouse,Pokhara,14,263.6,3690.4000000000005
Headphones,Birgunj,292,155.14,45300.88
laptop,Birgunj,112,1872.34,209702.08
Smartphone,Illam,207,149.38,30921.66
laptop,Illam,373,1128.92,421087.16000000003
Mouse,Illam,481,395.57,190269.16999999998
Smartphone,Pokhara,91,301.49,27435.59
Headphones,Illam,348,1533.49,533654.52
Tablet,Kathmandu,271,1938.69,525384.99
Tablet,Birgunj,371,1184.09,439297.38999999996
Headphones,Pokhara,330,200.15,66049.5
Smartphone,Pokhara,298,239.15,71266.7
laptop,Birgunj,485,173.62,84205.7
Headphones,Pokhara,78,297.22,23183.160000000003
Mouse,Pokhara,500,1677.87,838935.0
Tablet,Illam,277,1321.09,365941.93
Mouse,Pokhara,319,52.51,16750.69
Mouse,Kathmandu,63,1648.98,103885.74
Headphones,Birgunj,224,1122.5,251440.0
Mouse,Pokhara,261,1537.15,401196.15
Tablet,Kathmandu,369,760.03,280451.07
Headphones,Pokhara,243,1782.83,433227.69
Mouse,Illam,300,245.43,73629.0
Smartphone,Illam,484,1304.94,631590.9600000001
Headphones,Kathmandu,284,1628.75,462565.0
Headphones,Birgunj,16,1323.25,21172.0
Headphones,Kathmandu,277,274.36,75997.72
Tablet,Illam,342,224.39,76741.37999999999
Smartphone,Illam,317,1145.27,363050.58999999997
Mouse,Birgunj,186,1026.16,190865.76
Tablet,Illam,137,47.97,6571.889999999999
Tablet,Pokhara,232,668.78,155156.96
Headphones,Pokhara,302,579.92,175135.84
laptop,Kathmandu,494,1913.86,945446.84
Tablet,Birgunj,299,1893.08,566030.9199999999
Smartphone,Kathmandu,55,1997.63,109869.65000000001
Tablet,Kathmandu,430,664.72,285829.60000000003
Smartphone,Pokhara,144,1286.98,185325.12
Mouse,Birgunj,310,101.28,31396.8
Tablet,Pokhara,300,327.93,98379.0
Headphones,Illam,312,1614.69,503783.28
laptop,Birgunj,225,1945.39,437712.75
laptop,Birgunj,315,81.64,25716.6
Headphones,Kathmandu,61,100.55,6133.55
Mouse,Kathmandu,434,1335.52,579615.6799999999
Mouse,Illam,287,1672.73,480073.51
Smartphone,Pokhara,218,970.33,211531.94
Mouse,Pokhara,20,737.79,14755.8
Mouse,Pokhara,145,368.03,53364.35
laptop,Illam,194,1903.2,369220.8
Mouse,Kathmandu,206,1117.83,230272.97999999998
Tablet,Kathmandu,70,739.02,51731.4
Mouse,Kathmandu,212,509.65,108045.79999999999
Tablet,Pokhara,75,1132.65,84948.75
Mouse,Pokhara,163,1849.37,301447.31
Mouse,Birgunj,306,1073.86,328601.16
Smartphone,Kathmandu,138,1474.14,203431.32
Smartphone,Illam,117,1416.77,165762.09
Smartphone,Pokhara,249,741.62,184663.38
Mouse,Pokhara,189,1150.87,217514.43
Mouse,Pokhara,174,839.23,146026.02
Mouse,Pokhara,42,1806.8,75885.59999999999
Tablet,Pokhara,300,776.58,232974.0
Mouse,Kathmandu,416,1030.03,428492.48
laptop,Pokhara,303,1293.01,391782.02999999997
Tablet,Kathmandu,168,320.54,53850.72
Mouse,Pokhara,119,1991.47,236984.93
laptop,Illam,388,1260.95,489248.60000000003
Headphones,Birgunj,487,1551.04,755356.48
Mouse,Illam,250,191.78,47945.0
laptop,Kathmandu,349,386.38,134846.62
Mouse,Illam,463,586.44,271521.72000000003
laptop,Kathmandu,104,1692.9,176061.6
Tablet,Kathmandu,404,1593.48,643765.92
Tablet,Birgunj,157,1352.64,212364.48
Mouse,Birgunj,230,649.98,149495.4
Tablet,Illam,159,564.09,89690.31000000001
Headphones,Pokhara,498,1107.83,551699.34
laptop,Illam,349,1821.12,635570.88
laptop,Birgunj,83,655.67,54420.60999999999
Mouse,Kathmandu,122,1981.28,241716.16
Mouse,Kathmandu,416,125.37,52153.92
Smartphone,Pokhara,211,1917.64,404622.04000000004
Tablet,Birgunj,409,207.41,84830.69
Smartphone,Illam,71,362.83,25760.93
Tablet,Illam,375,1525.49,572058.75
Mouse,Illam,116,141.13,16371.08
Tablet,Illam,89,360.97,32126.33
Mouse,Pokhara,46,1715.42,78909.32
Headphones,Kathmandu,440,348.15,153186.0
Mouse,Birgunj,403,780.24,314436.72000000003
Headphones,Kathmandu,349,1200.97,419138.53
Mouse,Birgunj,109,1465.67,159758.03
Mouse,Pokhara,299,1448.52,433107.48
Mouse,Kathmandu,233,998.04,232543.31999999998
Smartphone,Illam,52,582.64,30297.28
laptop,Kathmandu,52,1288.93,67024.36
Smartphone,Kathmandu,113,361.3,40826.9
Headphones,Pokhara,35,568.22,19887.7
Tablet,Birgunj,265,1765.4,467831.0
Headphones,Pokhara,71,794.97,56442.87
Smartphone,Birgunj,367,237.22,87059.74
laptop,Birgunj,430,1923.54,827122.2
Tablet,Illam,170,273.77,46540.899999999994
Tablet,Pokhara,147,780.59,114746.73000000001
Mouse,Illam,482,1255.96,605372.72
laptop,Birgunj,411,1730.95,711420.4500000001
Headphones,Birgunj,398,1491.95,593796.1
laptop,Kathmandu,180,667.8,120203.99999999999
Mouse,Birgunj,88,1362.66,119914.08
Mouse,Illam,433,385.26,166817.58
Mouse,Kathmandu,332,1902.53,631639.96
Tablet,Illam,30,366.89,11006.699999999999
Smartphone,Kathmandu,31,1966.96,60975.76
Tablet,Birgunj,338,812.88,274753.44
Mouse,Pokhara,381,272.43,103795.83
Smartphone,Illam,122,539.44,65811.68000000001
Mouse,Birgunj,138,130.18,17964.84
Smartphone,Birgunj,315,769.52,242398.8
Smartphone,Illam,40,101.58,4063.2
Tablet,Birgunj,18,272.03,4896.539999999999
Headphones,Birgunj,120,834.04,100084.79999999999
laptop,Illam,382,894.53,341710.45999999996
Tablet,Kathmandu,147,1788.47,262905.09
Headphones,Kathmandu,213,979.56,208646.28
Smartphone,Birgunj,473,1800.77,851764.21
Tablet,Birgunj,91,746.26,67909.66
laptop,Illam,403,286.25,115358.75
Headphones,Birgunj,283,1604.69,454127.27
Mouse,Pokhara,48,572.38,27474.239999999998
Headphones,Birgunj,402,743.13,298738.26
Tablet,Birgunj,168,497.13,83517.84
Mouse,Kathmandu,91,403.08,36680.28
Tablet,Kathmandu,116,965.42,111988.72
Mouse,Illam,113,545.63,61656.19
Headphones,Pokhara,415,439.5,182392.5
laptop,Illam,75,678.73,50904.75
laptop,Kathmandu,164,1130.12,185339.68
Mouse,Birgunj,108,1318.04,142348.32
laptop,Birgunj,309,1417.99,438158.91
Headphones,Birgunj,424,1531.24,649245.76
laptop,Illam,112,586.26,65661.12
laptop,Pokhara,287,721.12,206961.44
laptop,Illam,27,1358.83,36688.409999999996
Headphones,Illam,312,1961.47,611978.64
Headphones,Birgunj,244,739.45,180425.80000000002
Headphones,Illam,387,1464.43,566734.41
Headphones,Pokhara,74,1784.62,132061.88
Smartphone,Kathmandu,368,786.09,289281.12
Headphones,Illam,357,161.39,57616.229999999996
Mouse,Birgunj,254,803.35,204050.9
Mouse,Kathmandu,188,834.19,156827.72
Smartphone,Illam,476,463.81,220773.56
Mouse,Birgunj,374,318.5,119119.0
Smartphone,Pokhara,315,863.75,272081.25
Mouse,Pokhara,223,397.25,88586.75
Mouse,Illam,490,1865.08,913889.2
Headphones,Kathmandu,260,1734.07,450858.2
Mouse,Kathmandu,43,389.89,16765.27
laptop,Birgunj,453,691.92,313439.76
Mouse,Kathmandu,66,1434.58,94682.28
Smartphone,Pokhara,399,1042.5,415957.5
Headphones,Birgunj,243,1390.11,337796.73
laptop,Pokhara,13,1407.64,18299.32
Smartphone,Illam,333,40.42,13459.86
Smartphone,Birgunj,132,1721.9,227290.80000000002
laptop,Birgunj,450,1566.95,705127.5
Headphones,Kathmandu,300,895.78,268734.0
Smartphone,Birgunj,491,157.85,77504.34999999999
Smartphone,Illam,393,1050.56,412870.07999999996
laptop,Pokhara,154,514.25,79194.5
Mouse,Illam,309,611.38,188916.42
Smartphone,Illam,104,635.02,66042.08
Headphones,Kathmandu,136,1743.58,237126.88
Smartphone,Pokhara,154,785.05,120897.7
Headphones,Pokhara,224,1677.5,375760.0
Tablet,Birgunj,173,1365.81,236285.13
Headphones,Pokhara,131,1481.45,194069.95
Mouse,Birgunj,95,1949.73,185224.35
Tablet,Illam,121,477.18,57738.78
Mouse,Birgunj,462,201.21,92959.02
Mouse,Illam,132,1615.49,213244.68
Smartphone,Kathmandu,150,1931.6,289740.0
Smartphone,Birgunj,74,1342.48,99343.52
Tablet,Kathmandu,54,1094.01,59076.54
laptop,Kathmandu,224,89.15,19969.600000000002
Smartphone,Illam,43,987.96,42482.28
Tablet,Pokhara,316,991.12,313193.92
laptop,Illam,305,1131.05,344970.25
Tablet,Pokhara,58,408.06,23667.48
Mouse,Pokhara,308,1150.24,354273.92
laptop,Birgunj,462,1266.3,585030.6
Tablet,Birgunj,435,729.29,317241.14999999997
Mouse,Illam,231,1950.1,450473.1
Mouse,Illam,347,934.35,324219.45
Smartphone,Birgunj,168,59.38,9975.84
Headphones,Pokhara,381,1027.76,391576.56
Headphones,Illam,209,1927.01,402745.09
laptop,Pokhara,73,30.75,2244.75
laptop,Birgunj,362,979.08,354426.96
Headphones,Illam,439,1469.56,645136.84
Mouse,Kathmandu,317,623.92,197782.63999999998
laptop,Illam,231,411.22,94991.82
Smartphone,Kathmandu,252,253.91,63985.32
Smartphone,Illam,481,1129.77,543419.37
laptop,Illam,413,578.68,238994.83999999997
Headphones,Birgunj,161,1112.34,179086.74
Tablet,Pokhara,44,891.75,39237.0
Headphones,Illam,285,447.17,127443.45000000001
Smartphone,Birgunj,91,709.64,64577.24
Smartphone,Kathmandu,124,754.94,93612.56000000001
Headphones,Kathmandu,149,1229.49,183194.01
Smartphone,Illam,275,1878.84,516681.0
Mouse,Kathmandu,394,1431.75,564109.5
laptop,Illam,87,1229.31,106949.97
Headphones,Illam,281,202.51,56905.31
laptop,Birgunj,366,1125.64,411984.24000000005
Smartphone,Kathmandu,437,368.43,161003.91
Tablet,Kathmandu,268,284.57,76264.76
Smartphone,Kathmandu,170,81.25,13812.5
Headphones,Birgunj,161,299.49,48217.89
Headphones,Illam,485,221.08,107223.8
Mouse,Illam,207,1586.48,328401.36
Headphones,Pokhara,128,436.48,55869.44
laptop,Kathmandu,12,737.15,8845.8
laptop,Kathmandu,172,1751.96,301337.12
Mouse,Kathmandu,482,1499.21,722619.22
Smartphone,Pokhara,374,1871.66,700000.8400000001
Smartphone,Kathmandu,412,176.13,72565.56
Tablet,Birgunj,376,1776.34,667903.84
Mouse,Pokhara,123,1008.47,124041.81
laptop,Pokhara,131,1587.77,207997.87
Smartphone,Pokhara,177,1852.22,327842.94
Mouse,Kathmandu,468,180.47,84459.96
Tablet,Kathmandu,226,1566.33,353990.57999999996
Mouse,Pokhara,453,503.66,228157.98
Mouse,Kathmandu,225,1270.24,285804.0
Tablet,Pokhara,211,1595.45,336639.95
Headphones,Kathmandu,57,1556.96,88746.72
Tablet,Illam,90,1861.7,167553.0
Headphones,Pokhara,374,1572.36,588062.64
Mouse,Illam,176,966.04,170023.03999999998
Mouse,Kathmandu,391,1867.17,730063.47
laptop,Birgunj,480,615.1,295248.0
Smartphone,Illam,287,953.79,273737.73
laptop,Pokhara,213,544.6,115999.8
Tablet,Illam,380,1957.72,743933.6
Tablet,Pokhara,201,1771.0,355971.0
laptop,Pokhara,13,1115.97,14507.61
Smartphone,Illam,196,577.18,113127.27999999998
Smartphone,Pokhara,96,1680.14,161293.44
Tablet,Pokhara,212,10.25,2173.0
Mouse,Kathmandu,128,1858.43,237879.04
laptop,Pokhara,81,1816.96,147173.76
laptop,Birgunj,366,1172.14,429003.24000000005
Mouse,Illam,335,1367.6,458145.99999999994
Headphones,Pokhara,458,1519.23,695807.34
Mouse,Birgunj,240,1330.3,319272.0
Mouse,Kathmandu,379,627.32,237754.28000000003
Smartphone,Birgunj,292,997.4,291240.8
laptop,Pokhara,101,289.62,29251.62
laptop,Pokhara,66,1658.02,109429.31999999999
Smartphone,Kathmandu,393,1801.25,707891.25
laptop,Pokhara,142,154.18,21893.56
Smartphone,Illam,118,153.95,18166.1
Mouse,Pokhara,481,1702.64,818969.8400000001
laptop,Birgunj,44,1954.26,85987.44
Smartphone,Kathmandu,326,48.88,15934.880000000001
laptop,Kathmandu,400,544.19,217676.00000000003
laptop,Kathmandu,454,912.9,414456.6
Mouse,Illam,490,1355.7,664293.0
Smartphone,Birgunj,488,584.14,285060.32
Tablet,Birgunj,105,1486.11,156041.55
Smartphone,Pokhara,43,1569.38,67483.34000000001
Headphones,Illam,185,917.77,169787.44999999998
laptop,Kathmandu,31,1249.4,38731.4
laptop,Kathmandu,12,647.44,7769.280000000001
Mouse,Pokhara,485,1484.24,719856.4
Mouse,Pokhara,224,1900.85,425790.39999999997
Mouse,Illam,433,1567.15,678575.9500000001
Headphones,Birgunj,280,33.1,9268.0
Tablet,Kathmandu,485,1028.65,498895.25000000006
Mouse,Birgunj,171,1756.5,300361.5
Smartphone,Kathmandu,273,738.01,201476.73
Headphones,Illam,301,1620.87,487881.87
Mouse,Illam,476,833.5,396746.0
laptop,Birgunj,490,1030.38,504886.20000000007
Mouse,Kathmandu,428,1018.32,435840.96
Tablet,Illam,60,1269.44,76166.40000000001
Mouse,Birgunj,438,1763.99,772627.62
Mouse,Birgunj,491,207.94,102098.54
laptop,Birgunj,218,1778.18,387643.24
Headphones,Kathmandu,198,960.55,190188.9
Smartphone,Pokhara,458,1768.71,810069.18
Mouse,Birgunj,407,435.94,177427.58
Smartphone,Pokhara,65,1946.43,126517.95
Smartphone,Illam,349,1220.13,425825.37000000005
Smartphone,Pokhara,402,680.42,273528.83999999997
Smartphone,Illam,358,1698.51,608066.58
Tablet,Illam,295,702.58,207261.1
Headphones,Illam,122,1898.49,231615.78
Headphones,Kathmandu,355,91.2,32376.0
laptop,Pokhara,428,167.31,71608.68000000001
Headphones,Birgunj,111,1672.18,185611.98
Smartphone,Birgunj,478,1374.94,657221.3200000001
Mouse,Kathmandu,398,289.73,115312.54000000001
Smartphone,Kathmandu,407,1122.54,456873.77999999997
Mouse,Illam,19,1936.76,36798.44
Tablet,Birgunj,212,338.04,71664.48000000001
laptop,Kathmandu,457,1663.9,760402.3
Mouse,Kathmandu,223,1965.11,438219.52999999997
Mouse,Kathmandu,400,960.7,384280.0
Smartphone,Pokhara,244,81.62,19915.280000000002
laptop,Pokhara,485,379.97,184285.45
laptop,Illam,309,1088.73,336417.57
Mouse,Pokhara,362,1826.13,661059.06
laptop,Illam,313,1709.03,534926.39
laptop,Kathmandu,351,448.81,157532.31
Smartphone,Pokhara,321,658.41,211349.61
Mouse,Pokhara,400,89.51,35804.0
Mouse,Kathmandu,391,1675.83,655249.53
Mouse,Kathmandu,205,505.61,103650.05
Tablet,Kathmandu,413,729.93,301461.08999999997
laptop,Birgunj,79,601.87,47547.73
Mouse,Birgunj,66,1846.51,121869.66
Smartphone,Illam,434,1994.14,865456.76
Smartphone,Birgunj,409,1193.73,488235.57
laptop,Illam,215,1523.37,327524.55
laptop,Kathmandu,450,1485.06,668277.0
laptop,Kathmandu,71,583.04,41395.84
Mouse,Birgunj,115,666.64,76663.59999999999
Mouse,Pokhara,420,1313.0,551460.0
Smartphone,Kathmandu,358,930.93,333272.94
Headphones,Kathmandu,402,481.74,193659.48
Smartphone,Illam,456,1230.53,561121.6799999999
Smartphone,Kathmandu,280,1619.3,453404.0
Tablet,Kathmandu,255,1419.78,362043.89999999997
laptop,Pokhara,358,1329.31,475892.98
Mouse,Pokhara,253,535.58,135501.74000000002
laptop,Pokhara,97,1727.28,167546.16
Tablet,Birgunj,204,1857.21,378870.84
laptop,Kathmandu,285,550.18,156801.3
Smartphone,Pokhara,72,551.16,39683.52
laptop,Birgunj,94,1408.32,132382.08
laptop,Kathmandu,48,603.16,28951.68
Mouse,Illam,84,1492.14,125339.76000000001
Headphones,Kathmandu,404,1146.67,463254.68000000005
Headphones,Illam,197,17.61,3469.17
Tablet,Birgunj,176,1402.17,246781.92
Headphones,Pokhara,373,182.36,68020.28
Smartphone,Illam,219,992.85,217434.15
Smartphone,Birgunj,78,1238.65,96614.70000000001
Smartphone,Illam,104,1339.01,139257.04
Headphones,Birgunj,333,928.87,309313.71
Tablet,Birgunj,233,1934.61,450764.13
Mouse,Illam,157,983.76,154450.32
Tablet,Illam,281,237.68,66788.08
laptop,Birgunj,197,474.33,93443.01
Mouse,Pokhara,284,220.4,62593.6
Tablet,Illam,30,357.92,10737.6
Mouse,Kathmandu,403,114.01,45946.03
laptop,Kathmandu,374,518.62,193963.88
Mouse,Pokhara,142,1064.07,151097.94
Headphones,Birgunj,36,1872.44,67407.84
laptop,Pokhara,234,1151.92,269549.28
Mouse,Pokhara,73,467.34,34115.82
Mouse,Birgunj,480,1595.74,765955.2
Tablet,Kathmandu,472,1644.13,776029.3600000001
Headphones,Kathmandu,50,309.4,15469.999999999998
Mouse,Kathmandu,11,1997.24,21969.64
Smartphone,Kathmandu,118,31.85,3758.3
Smartphone,Pokhara,186,410.79,76406.94
Smartphone,Illam,422,976.17,411943.74
Smartphone,Illam,155,1169.02,181198.1
Smartphone,Pokhara,275,1825.91,502125.25
Smartphone,Kathmandu,400,506.65,202660.0
laptop,Kathmandu,136,281.57,38293.52
Tablet,Pokhara,442,1742.06,769990.52
Tablet,Pokhara,181,1710.31,309566.11
Mouse,Illam,201,851.01,171053.01
Mouse,Birgunj,22,1014.13,22310.86
Mouse,Kathmandu,240,1983.24,475977.6
Mouse,Pokhara,155,950.51,147329.05
laptop,Birgunj,471,787.69,371001.99000000005
laptop,Pokhara,148,117.56,17398.88
Smartphone,Birgunj,21,690.33,14496.93
Tablet,Kathmandu,70,974.06,68184.2
laptop,Pokhara,131,1057.26,138501.06
Smartphone,Illam,313,1014.65,317585.45
laptop,Birgunj,397,1770.25,702789.25
Smartphone,Birgunj,287,211.81,60789.47
Tablet,Kathmandu,479,16.19,7755.01
Smartphone,Pokhara,41,798.55,32740.55
laptop,Pokhara,245,1620.47,397015.15
Tablet,Illam,365,1970.62,719276.2999999999
Smartphone,Birgunj,355,214.31,76080.05
Tablet,Illam,239,1919.86,458846.54
Tablet,Kathmandu,364,290.47,105731.08000000002
Headphones,Illam,319,53.41,17037.789999999997
Smartphone,Pokhara,334,920.09,307310.06
Smartphone,Pokhara,58,1677.31,97283.98
Mouse,Pokhara,193,869.86,167882.98
Mouse,Pokhara,321,55.46,17802.66
Tablet,Pokhara,359,1994.31,715957.29
Mouse,Pokhara,446,108.2,48257.200000000004
Tablet,Kathmandu,333,1225.29,408021.57
Smartphone,Birgunj,406,1677.5,681065.0
laptop,Pokhara,300,565.78,169734.0
laptop,Birgunj,106,1674.52,177499.12
Smartphone,Pokhara,89,583.27,51911.03
Headphones,Birgunj,39,760.84,29672.760000000002
Headphones,Illam,28,811.41,22719.48
Tablet,Pokhara,14,1392.13,19489.82
Tablet,Illam,61,1327.29,80964.69
Mouse,Pokhara,334,970.95,324297.3
Smartphone,Illam,194,1055.9,204844.6
laptop,Kathmandu,352,96.75,34056.0
Smartphone,Illam,64,1999.67,127978.88
Smartphone,Kathmandu,279,849.31,236957.49
Tablet,Pokhara,98,131.92,12928.159999999998
Smartphone,Pokhara,298,749.71,223413.58000000002
Smartphone,Illam,157,1996.25,313411.25
Headphones,Kathmandu,17,924.91,15723.47
laptop,Pokhara,181,1312.74,237605.94
Mouse,Birgunj,467,859.88,401563.96
Smartphone,Pokhara,384,808.33,310398.72000000003
Headphones,Pokhara,243,220.88,53673.84
Headphones,Illam,264,763.42,201542.87999999998
Mouse,Illam,245,767.48,188032.6
Smartphone,Illam,111,1584.3,175857.3
Smartphone,Kathmandu,356,727.46,258975.76
laptop,Birgunj,389,633.74,246524.86000000002
Smartphone,Birgunj,120,369.2,44304.0
Tablet,Illam,497,1969.23,978707.31
laptop,Pokhara,74,644.54,47695.96
Headphones,Birgunj,254,223.8,56845.200000000004
Smartphone,Illam,268,1537.46,412039.28
Tablet,Birgunj,434,431.8,187401.2
laptop,Illam,208,81.52,16956.16
Headphones,Birgunj,312,1764.03,550377.36
Mouse,Pokhara,251,925.49,232297.99
Mouse,Kathmandu,391,759.99,297156.09
Tablet,Birgunj,211,1977.88,417332.68000000005
Smartphone,Kathmandu,164,1743.73,285971.72000000003
laptop,Pokhara,218,1575.09,343369.62
Smartphone,Birgunj,160,1047.74,167638.4
Mouse,Birgunj,404,473.38,191245.52
Smartphone,Kathmandu,206,116.03,23902.18
Tablet,Illam,31,1648.6,51106.6
Mouse,Birgunj,348,372.18,129518.64
Smartphone,Illam,370,1674.82,619683.4
Smartphone,Illam,231,1094.05,252725.55
Headphones,Kathmandu,311,499.55,155360.05000000002
laptop,Illam,219,1911.8,418684.2
Tablet,Illam,50,153.88,7694.0
Mouse,Pokhara,174,1549.16,269553.84
Headphones,Kathmandu,394,1258.45,495829.30000000005
laptop,Birgunj,154,800.63,123297.02
Tablet,Birgunj,472,573.4,270644.8
Smartphone,Pokhara,227,1000.22,227049.94
Headphones,Kathmandu,419,864.54,362242.26
Tablet,Kathmandu,389,136.77,53203.530000000006
Tablet,Illam,275,1241.6,341440.0
Mouse,Kathmandu,131,1511.79,198044.49
Tablet,Kathmandu,186,486.83,90550.37999999999
Headphones,Kathmandu,114,1311.65,149528.1
Mouse,Pokhara,180,1206.61,217189.8
Headphones,Kathmandu,16,1362.4,21798.4
Mouse,Illam,496,1539.67,763676.3200000001
Tablet,Illam,390,1064.67,415221.30000000005
Smartphone,Kathmandu,65,203.18,13206.7
Headphones,Kathmandu,146,378.93,55323.78
laptop,Birgunj,439,1562.3,685849.7
laptop,Birgunj,129,892.52,115135.08
Smartphone,Birgunj,174,1128.44,196348.56
Smartphone,Birgunj,308,842.74,259563.92
Tablet,Illam,439,1631.05,716030.95
Mouse,Birgunj,308,1604.99,494336.92
laptop,Birgunj,242,1416.1,342696.19999999995
Headphones,Kathmandu,414,855.83,354313.62
Tablet,Birgunj,297,747.46,221995.62000000002
Smartphone,Pokhara,138,243.42,33591.96
Tablet,Birgunj,359,289.84,104052.56
laptop,Birgunj,293,435.86,127706.98000000001
Tablet,Pokhara,290,1225.0,355250.0
Smartphone,Birgunj,216,1320.08,285137.27999999997
Smartphone,Birgunj,108,1145.57,123721.56
Mouse,Birgunj,363,733.46,266245.98000000004
Smartphone,Illam,118,702.93,82945.73999999999
Headphones,Birgunj,371,701.81,260371.50999999998
Smartphone,Birgunj,115,764.39,87904.84999999999
Smartphone,Illam,179,31.87,5704.7300000000005
Tablet,Kathmandu,345,1436.29,495520.05
laptop,Illam,19,29.31,556.89
Smartphone,Pokhara,81,1656.08,134142.47999999998
Mouse,Illam,199,68.57,13645.429999999998
Mouse,Illam,131,1573.24,206094.44
Mouse,Birgunj,410,375.29,153868.9
Tablet,Illam,196,196.71,38555.16
Tablet,Illam,348,1012.16,352231.68
Smartphone,Birgunj,387,45.89,17759.43
Headphones,Illam,495,1458.61,722011.95
laptop,Illam,369,346.53,127869.56999999999
Mouse,Pokhara,102,387.51,39526.02
Mouse,Birgunj,176,161.52,28427.52
laptop,Birgunj,156,942.93,147097.08
Headphones,Kathmandu,381,745.73,284123.13
Smartphone,Birgunj,428,200.07,85629.95999999999
Tablet,Kathmandu,305,1248.33,380740.64999999997
Smartphone,Birgunj,69,641.6,44270.4
Headphones,Pokhara,164,1082.64,177552.96000000002
laptop,Pokhara,287,310.42,89090.54000000001
Tablet,Kathmandu,431,1087.19,468578.89
Tablet,Pokhara,146,855.48,124900.08
Tablet,Illam,454,1326.96,602439.84
Headphones,Kathmandu,455,889.38,404667.9
Smartphone,Birgunj,410,448.48,183876.80000000002
Tablet,Birgunj,442,1162.84,513975.27999999997
Mouse,Birgunj,411,1237.46,508596.06
Smartphone,Birgunj,492,865.66,425904.72
Mouse,Illam,400,919.95,367980.0
laptop,Birgunj,489,709.0,346701.0
Headphones,Illam,83,1022.09,84833.47
Headphones,Pokhara,145,1342.3,194633.5
laptop,Illam,322,803.95,258871.90000000002
laptop,Kathmandu,371,308.76,114549.95999999999
Tablet,Illam,77,1094.9,84307.3
Mouse,Kathmandu,468,1321.83,618616.44
Tablet,Birgunj,298,242.73,72333.54
Tablet,Pokhara,324,1597.2,517492.8
laptop,Illam,103,120.05,12365.15
Mouse,Kathmandu,483,195.52,94436.16
Headphones,Kathmandu,315,1997.64,629256.6
Tablet,Pokhara,387,1447.62,560228.94
Smartphone,Pokhara,464,1147.05,532231.2
Headphones,Illam,38,558.5,21223.0
Headphones,Pokhara,342,1644.05,562265.1
Smartphone,Illam,245,264.01,64682.45
Headphones,Kathmandu,269,797.88,214629.72
Headphones,Kathmandu,152,1210.46,183989.92
Smartphone,Kathmandu,106,222.75,23611.5
laptop,Birgunj,367,86.51,31749.170000000002
Smartphone,Birgunj,187,1301.92,243459.04
laptop,Illam,265,383.09,101518.84999999999
Mouse,Birgunj,253,729.9,184664.69999999998
Headphones,Illam,499,1498.37,747686.6299999999
Headphones,Pokhara,193,313.21,60449.53
Mouse,Birgunj,470,1698.84,798454.7999999999
Tablet,Pokhara,123,1774.51,218264.73
laptop,Birgunj,98,1082.81,106115.37999999999
Mouse,Birgunj,136,37.83,5144.88
Tablet,Illam,322,130.64,42066.079999999994
Smartphone,Illam,217,1378.38,299108.46
Tablet,Pokhara,51,566.97,28915.47
Tablet,Birgunj,19,1398.34,26568.46
laptop,Pokhara,422,510.59,215468.97999999998
Headphones,Kathmandu,421,1768.73,744635.33
Smartphone,Illam,147,672.67,98882.48999999999
Tablet,Illam,274,1492.6,408972.39999999997
Tablet,Pokhara,243,1057.06,256865.58
Headphones,Birgunj,214,210.43,45032.020000000004
Headphones,Birgunj,174,1555.66,270684.84
Mouse,Birgunj,415,1525.18,632949.7000000001
Tablet,Birgunj,301,365.31,109958.31
laptop,Kathmandu,227,1574.95,357513.65
laptop,Birgunj,417,811.92,338570.63999999996
Mouse,Illam,242,217.43,52618.060000000005
Mouse,Kathmandu,183,1962.06,359056.98
laptop,Kathmandu,484,531.13,257066.91999999998
Mouse,Pokhara,228,1228.55,280109.39999999997
Smartphone,Pokhara,153,415.96,63641.88
laptop,Kathmandu,466,367.0,171022.0
laptop,Birgunj,87,1767.92,153809.04
Mouse,Illam,343,1938.34,664850.62
Headphones,Kathmandu,329,1311.02,431325.58
Headphones,Kathmandu,167,1810.23,302308.41
laptop,Birgunj,451,779.76,351671.76
Headphones,Kathmandu,481,1472.19,708123.39
laptop,Birgunj,430,168.02,72248.6
Tablet,Pokhara,322,1648.77,530903.94
laptop,Kathmandu,294,1481.03,435422.82
Tablet,Pokhara,61,1306.53,79698.33
Mouse,Kathmandu,210,74.93,15735.300000000001
Smartphone,Pokhara,415,1115.57,462961.55
laptop,Pokhara,121,1392.96,168548.16
Tablet,Birgunj,102,70.46,7186.919999999999
Mouse,Birgunj,405,1129.02,457253.1
Smartphone,Birgunj,286,210.03,60068.58
laptop,Birgunj,156,714.32,111433.92000000001
Tablet,Kathmandu,365,1724.26,629354.9
Tablet,Illam,374,1290.21,482538.54000000004
Smartphone,Pokhara,170,1068.82,181699.4
Tablet,Illam,367,1350.69,495703.23000000004
Smartphone,Kathmandu,39,957.61,37346.79
Mouse,Kathmandu,126,318.07,40076.82
Tablet,Kathmandu,213,36.64,7804.32
laptop,Kathmandu,458,1854.62,849415.96
laptop,Birgunj,317,1180.03,374069.51
laptop,Birgunj,395,916.83,362147.85000000003
Tablet,Pokhara,314,1081.23,339506.22000000003
Mouse,Pokhara,229,1944.88,445377.52
Headphones,Illam,299,1946.16,581901.84
Smartphone,Birgunj,117,721.44,84408.48000000001
Smartphone,Illam,308,320.77,98797.15999999999
laptop,Birgunj,213,1578.46,336211.98
Headphones,Kathmandu,166,641.63,106510.58
Mouse,Birgunj,142,932.05,132351.1
Smartphone,Kathmandu,421,1866.61,785842.8099999999
laptop,Illam,292,1323.35,386418.19999999995
Smartphone,Birgunj,417,1066.31,444651.26999999996
Smartphone,Birgunj,113,1605.57,181429.41
Headphones,Kathmandu,398,1522.1,605795.7999999999
Smartphone,Birgunj,74,891.87,65998.38
Tablet,Kathmandu,286,26.59,7604.74
Smartphone,Birgunj,78,1012.62,78984.36
Tablet,Pokhara,16,1255.16,20082.56
Tablet,Kathmandu,32,561.98,17983.36
Tablet,Kathmandu,220,1050.92,231202.40000000002
Tablet,Pokhara,75,125.08,9381.0
Mouse,Illam,394,1131.77,445917.38
Mouse,Birgunj,195,1682.04,327997.8
Smartphone,Birgunj,85,1416.4,120394.00000000001
laptop,Birgunj,286,689.0,197054.0
Headphones,Pokhara,495,1886.22,933678.9
Smartphone,Pokhara,229,1838.2,420947.8
Headphones,Pokhara,64,119.25,7632.0
Mouse,Illam,43,551.4,23710.2
laptop,Kathmandu,100,484.01,48401.0
Mouse,Illam,447,721.79,322640.13
Tablet,Illam,134,1750.5,234567.0
Tablet,Pokhara,187,346.58,64810.46
Tablet,Pokhara,439,980.75,430549.25
Smartphone,Pokhara,213,887.8,189101.4
Smartphone,Birgunj,12,1601.21,19214.52
Headphones,Illam,152,460.88,70053.76
laptop,Kathmandu,185,680.25,125846.25
Smartphone,Pokhara,144,401.3,57787.200000000004
laptop,Illam,463,657.09,304232.67000000004
Mouse,Pokhara,17,1678.05,28526.85
Smartphone,Pokhara,343,412.22,141391.46000000002
Mouse,Birgunj,402,751.63,302155.26
laptop,Kathmandu,149,255.46,38063.54
laptop,Kathmandu,481,193.55,93097.55
Mouse,Kathmandu,124,1457.16,180687.84
Smartphone,Birgunj,362,1625.93,588586.66
Headphones,Kathmandu,286,262.97,75209.42000000001
Smartphone,Illam,21,1411.86,29649.059999999998
laptop,Illam,436,843.95,367962.2
Tablet,Pokhara,257,1648.55,423677.35
laptop,Kathmandu,130,1332.87,173273.09999999998
Mouse,Pokhara,222,1363.55,302708.1
laptop,Birgunj,464,443.09,205593.75999999998
Mouse,Illam,144,1865.19,268587.36
Mouse,Pokhara,492,1572.43,773635.56
Smartphone,Birgunj,324,1501.94,486628.56
Tablet,Illam,416,136.79,56904.64
Smartphone,Illam,91,459.14,41781.74
Tablet,Kathmandu,374,1662.15,621644.1
Mouse,Illam,59,588.08,34696.72
Mouse,Illam,348,1537.48,535043.04
Headphones,Pokhara,121,825.21,99850.41
Smartphone,Birgunj,21,1185.14,24887.940000000002
Smartphone,Kathmandu,59,1249.9,73744.1
Mouse,Kathmandu,302,201.7,60913.399999999994
laptop,Pokhara,272,1906.52,518573.44
laptop,Pokhara,267,1641.45,438267.15
Headphones,Illam,134,1576.23,211214.82
Mouse,Pokhara,498,185.28,92269.44
Headphones,Kathmandu,458,657.09,300947.22000000003
Smartphone,Birgunj,245,527.29,129186.04999999999
Headphones,Illam,46,1200.74,55234.04
Tablet,Illam,82,643.91,52800.619999999995
Headphones,Illam,85,947.86,80568.1
Smartphone,Kathmandu,375,623.93,233973.74999999997
Smartphone,Birgunj,138,1211.72,167217.36000000002
Smartphone,Pokhara,105,1736.17,182297.85
laptop,Pokhara,323,397.7,128457.09999999999
Headphones,Birgunj,259,1400.66,362770.94
Mouse,Birgunj,202,1661.03,335528.06
Tablet,Birgunj,409,1176.19,481061.71
Smartphone,Pokhara,109,1585.36,172804.24
Mouse,Birgunj,114,438.68,50009.520000000004
Smartphone,Pokhara,158,24.24,3829.9199999999996
Headphones,Pokhara,342,245.1,83824.2
Tablet,Illam,176,1198.85,210997.59999999998
Headphones,Kathmandu,131,733.7,96114.70000000001
Tablet,Pokhara,36,574.2,20671.2
Mouse,Pokhara,249,1843.06,458921.94
laptop,Pokhara,269,460.58,123896.01999999999
Headphones,Kathmandu,276,801.5,221214.0
Smartphone,Pokhara,155,1318.17,204316.35
Tablet,Pokhara,433,1841.26,797265.58
Mouse,Pokhara,308,1383.4,426087.2
Smartphone,Kathmandu,11,1776.8,19544.8
Tablet,Kathmandu,231,1753.86,405141.66
laptop,Birgunj,177,598.66,105962.81999999999
Tablet,Pokhara,386,58.67,22646.62
Mouse,Birgunj,176,596.39,104964.64
Headphones,Kathmandu,52,698.63,36328.76
Tablet,Kathmandu,402,1708.67,686885.3400000001
Smartphone,Birgunj,432,629.88,272108.16
Mouse,Birgunj,70,1354.83,94838.09999999999
Tablet,Kathmandu,42,1104.79,46401.18
Tablet,Birgunj,407,302.03,122926.20999999999
Headphones,Birgunj,123,128.31,15782.130000000001
Headphones,Pokhara,123,1751.43,215425.89
Tablet,Kathmandu,151,223.85,33801.35
Headphones,Illam,419,1457.34,610625.46
Mouse,Illam,49,295.27,14468.23
laptop,Kathmandu,130,1557.94,202532.2
Mouse,Illam,55,1858.32,102207.59999999999
Headphones,Birgunj,427,122.27,52209.29
Headphones,Pokhara,69,1784.02,123097.38
laptop,Illam,369,1931.87,712860.0299999999
laptop,Pokhara,447,97.79,43712.130000000005
Tablet,Illam,100,1278.0,127800.0
Headphones,Pokhara,236,342.49,80827.64
Smartphone,Birgunj,262,1580.65,414130.30000000005
Smartphone,Pokhara,407,574.25,233719.75
Mouse,Birgunj,69,615.16,42446.04
Mouse,Pokhara,345,1928.59,665363.5499999999
Smartphone,Kathmandu,40,1517.7,60708.0
Smartphone,Illam,54,225.89,12198.06
Headphones,Birgunj,65,918.28,59688.2
Smartphone,Birgunj,459,1679.33,770812.47
laptop,Birgunj,400,997.25,398900.0
Mouse,Kathmandu,243,734.79,178553.97
Headphones,Illam,163,185.56,30246.28
Tablet,Kathmandu,271,586.16,158849.36
Mouse,Birgunj,108,800.8,86486.4
Mouse,Pokhara,466,1956.16,911570.56
Headphones,Illam,304,1225.15,372445.60000000003
laptop,Illam,313,900.22,281768.86
Tablet,Pokhara,381,398.23,151725.63
Smartphone,Kathmandu,480,1710.55,821064.0
Smartphone,Birgunj,400,478.72,191488.0
Smartphone,Birgunj,74,1161.92,85982.08
laptop,Illam,319,530.13,169111.47
Mouse,Kathmandu,380,1517.3,576574.0
Mouse,Kathmandu,263,479.69,126158.47
Headphones,Pokhara,326,1145.37,373390.61999999994
Mouse,Birgunj,429,1459.09,625949.61
Mouse,Illam,252,500.99,126249.48
Smartphone,Birgunj,213,1306.89,278367.57
Mouse,Pokhara,430,196.09,84318.7
Tablet,Birgunj,424,584.69,247908.56000000003
Tablet,Illam,211,50.39,10632.29
laptop,Birgunj,228,893.63,203747.63999999998
Mouse,Birgunj,470,862.27,405266.89999999997
Headphones,Kathmandu,80,884.8,70784.0
Mouse,Kathmandu,387,115.55,44717.85
laptop,Birgunj,415,978.19,405948.85000000003
Smartphone,Birgunj,384,1829.71,702608.64
Tablet,Pokhara,154,1717.72,264528.88
Smartphone,Illam,185,806.56,149213.59999999998
laptop,Pokhara,328,1899.08,622898.24
Mouse,Illam,374,121.54,45455.96
Mouse,Illam,469,1422.11,666969.59
Headphones,Pokhara,417,1189.11,495858.86999999994
Mouse,Kathmandu,246,1631.47,401341.62
Headphones,Pokhara,26,541.33,14074.580000000002
Mouse,Illam,10,794.68,7946.799999999999
Headphones,Illam,86,81.77,7032.219999999999
Tablet,Birgunj,62,151.11,9368.820000000002
Tablet,Illam,24,1159.1,27818.399999999998
Mouse,Kathmandu,145,1898.1,275224.5
Smartphone,Illam,272,1447.36,393681.92
laptop,Kathmandu,152,551.82,83876.64000000001
laptop,Illam,450,501.98,225891.0
Smartphone,Pokhara,102,1793.2,182906.4
Mouse,Kathmandu,292,409.3,119515.6
Mouse,Illam,434,1258.24,546076.16
Tablet,Kathmandu,472,755.61,356647.92
laptop,Birgunj,252,1251.31,315330.12
laptop,Birgunj,397,1805.45,716763.65
Smartphone,Illam,322,1732.87,557984.14
Mouse,Pokhara,71,10.62,754.02
laptop,Pokhara,103,1030.26,106116.78
laptop,Birgunj,357,131.48,46938.35999999999
Headphones,Illam,331,1201.37,397653.47
Headphones,Kathmandu,341,553.49,188740.09
Smartphone,Kathmandu,315,1528.04,481332.6
Mouse,Kathmandu,378,1953.76,738521.28
Tablet,Kathmandu,332,351.27,116621.64
Tablet,Kathmandu,308,1885.76,580814.08
Mouse,Kathmandu,249,220.89,55001.60999999999
Smartphone,Kathmandu,271,1391.25,377028.75
Tablet,Illam,172,1161.5,199778.0
Headphones,Illam,190,1163.4,221046.00000000003
Headphones,Illam,224,436.33,97737.92
Smartphone,Illam,267,1527.11,407738.37
laptop,Illam,409,1933.23,790691.0700000001
Tablet,Kathmandu,480,523.72,251385.6
Headphones,Pokhara,315,806.95,254189.25
laptop,Kathmandu,292,1243.0,362956.0
Headphones,Kathmandu,295,1903.81,561623.95
Tablet,Kathmandu,376,643.21,241846.96000000002
Tablet,Illam,173,1354.78,234376.94
laptop,Birgunj,480,1533.38,736022.4
Headphones,Birgunj,166,1019.38,169217.08
Smartphone,Illam,408,831.82,339382.56
Tablet,Pokhara,296,739.76,218968.96
laptop,Birgunj,427,1888.69,806470.63
Mouse,Kathmandu,192,1811.83,347871.36
Smartphone,Birgunj,267,60.84,16244.28
Tablet,Illam,217,879.24,190795.08000000002
Smartphone,Kathmandu,129,767.48,99004.92
Tablet,Kathmandu,25,83.75,2093.75
Headphones,Illam,86,1808.53,155533.58
Headphones,Illam,164,703.48,115370.72
Headphones,Birgunj,156,1741.89,271734.84
Tablet,Kathmandu,300,807.24,242172.0
Mouse,Kathmandu,163,1159.07,188928.41
Tablet,Pokhara,45,1764.56,79405.2
Tablet,Illam,416,1803.0,750048.0
Headphones,Pokhara,389,141.96,55222.44
Headphones,Kathmandu,493,1818.7,896619.1
Smartphone,Pokhara,371,1582.69,587177.99
Tablet,Birgunj,180,1700.6,306108.0
Smartphone,Pokhara,417,1990.16,829896.7200000001
Tablet,Birgunj,445,557.62,248140.9
Headphones,Kathmandu,121,1697.64,205414.44
Smartphone,Illam,200,111.82,22364.0
Tablet,Illam,76,1902.87,144618.12
Mouse,Pokhara,74,1830.66,135468.84
Smartphone,Birgunj,66,1660.84,109615.43999999999
Headphones,Illam,190,203.15,38598.5
Mouse,Kathmandu,367,1518.8,557399.6
Smartphone,Illam,473,1672.72,791196.56
Headphones,Birgunj,48,619.0,29712.0
laptop,Kathmandu,111,946.28,105037.08
Smartphone,Illam,282,478.23,134860.86000000002
Smartphone,Kathmandu,67,1290.5,86463.5
laptop,Kathmandu,296,1573.15,465652.4
Tablet,Kathmandu,466,982.16,457686.56
laptop,Birgunj,43,287.95,12381.85
Tablet,Kathmandu,286,1633.71,467241.06
laptop,Birgunj,277,673.0,186421.0
laptop,Birgunj,358,831.16,297555.27999999997
Smartphone,Birgunj,419,665.55,278865.44999999995
Mouse,Kathmandu,203,1633.7,331641.10000000003
Mouse,Pokhara,375,446.96,167610.0
Tablet,Illam,385,1663.55,640466.75
laptop,Pokhara,82,1148.87,94207.34
Headphones,Birgunj,104,444.91,46270.64
Smartphone,Kathmandu,117,1360.51,159179.67
Tablet,Birgunj,44,1982.36,87223.84
Smartphone,Illam,338,29.8,10072.4
laptop,Birgunj,324,198.78,64404.72
laptop,Birgunj,356,1622.97,577777.3200000001
Smartphone,Birgunj,229,1911.05,437630.45
Mouse,Illam,359,1333.23,478629.57
Smartphone,Kathmandu,30,1397.02,41910.6
Tablet,Illam,209,107.87,22544.83
Tablet,Kathmandu,207,1493.83,309222.81
Headphones,Illam,267,1264.28,337562.76
Smartphone,Kathmandu,470,1103.71,518743.7
Tablet,Pokhara,310,1453.71,450650.10000000003
Smartphone,Illam,463,1433.26,663599.38
Headphones,Illam,119,769.42,91560.98
Tablet,Kathmandu,454,1973.23,895846.42
Headphones,Illam,26,244.09,6346.34
Smartphone,Kathmandu,66,10.52,694.3199999999999
Smartphone,Illam,287,997.99,286423.13
Mouse,Illam,477,414.17,197559.09
Smartphone,Illam,173,1684.48,291415.04
laptop,Kathmandu,297,444.98,132159.06
Mouse,Pokhara,372,665.19,247450.68000000002
Tablet,Birgunj,374,1815.7,679071.8
Tablet,Illam,192,724.62,139127.04
laptop,Pokhara,63,1172.59,73873.17
Smartphone,Kathmandu,341,833.05,284070.05
laptop,Illam,429,1116.06,478789.74
Mouse,Illam,113,289.57,32721.41
Smartphone,Illam,493,91.51,45114.43
Tablet,Pokhara,169,1294.16,218713.04
Mouse,Illam,378,636.62,240642.36000000002
Headphones,Kathmandu,299,1957.48,585286.52
Mouse,Illam,385,265.27,102128.95
Smartphone,Kathmandu,174,1858.43,323366.82
Mouse,Kathmandu,338,1328.48,449026.24
Headphones,Pokhara,390,204.74,79848.6
laptop,Pokhara,135,1823.19,246130.65
laptop,Illam,490,1937.66,949453.4
Mouse,Illam,368,1542.43,567614.24
Mouse,Pokhara,382,744.79,284509.77999999997
Mouse,Pokhara,120,528.98,63477.600000000006
Headphones,Pokhara,202,1657.24,334762.48
Tablet,Illam,112,42.92,4807.04
Mouse,Pokhara,128,1947.41,249268.48
Smartphone,Kathmandu,89,1391.97,123885.33
Headphones,Illam,123,1863.98,229269.54
laptop,Pokhara,473,824.23,389860.79000000004
Mouse,Kathmandu,226,803.66,181627.16
Tablet,Birgunj,312,142.92,44591.03999999999
laptop,Illam,104,738.48,76801.92
Smartphone,Illam,332,1090.71,362115.72000000003
Tablet,Kathmandu,139,1662.13,231036.07
laptop,Illam,250,853.6,213400.0
Smartphone,Kathmandu,64,343.74,21999.36
Tablet,Birgunj,20,1568.55,31371.0
laptop,Kathmandu,215,814.29,175072.35
Tablet,Birgunj,300,385.43,115629.0
Headphones,Kathmandu,421,317.84,133810.63999999998
Headphones,Illam,239,1248.76,298453.64
Smartphone,Illam,44,185.79,8174.759999999999
Headphones,Birgunj,350,1748.69,612041.5
Tablet,Illam,132,1722.47,227366.04
laptop,Kathmandu,160,166.48,26636.8
Headphones,Illam,119,1899.16,226000.04
Smartphone,Illam,478,1631.22,779723.16
laptop,Kathmandu,138,708.62,97789.56
laptop,Illam,457,1367.46,624929.22
Smartphone,Illam,135,1430.03,193054.05
Smartphone,Birgunj,197,595.82,117376.54000000001
laptop,Birgunj,162,647.01,104815.62
Smartphone,Pokhara,34,421.26,14322.84
Smartphone,Illam,214,969.47,207466.58000000002
Tablet,Birgunj,217,999.84,216965.28
Tablet,Birgunj,485,1672.5,811162.5
laptop,Kathmandu,346,64.72,22393.12
laptop,Illam,126,1944.84,245049.84
laptop,Illam,392,1631.22,639438.24
laptop,Kathmandu,199,749.91,149232.09
Headphones,Kathmandu,235,609.93,143333.55
Mouse,Birgunj,455,804.76,366165.8
laptop,Pokhara,215,1596.27,343198.05
Mouse,Birgunj,188,1238.08,232759.03999999998
Headphones,Pokhara,382,257.56,98387.92
Smartphone,Birgunj,312,1249.2,389750.4
Mouse,Illam,131,1984.42,259959.02000000002
Mouse,Pokhara,444,140.36,62319.840000000004
Smartphone,Pokhara,434,335.87,145767.58000000002
Headphones,Kathmandu,365,1721.62,628391.2999999999
Smartphone,Pokhara,404,295.72,119470.88
Smartphone,Pokhara,130,1657.05,215416.5
Smartphone,Kathmandu,35,1679.63,58787.05
Tablet,Pokhara,332,1616.0,536512.0
Mouse,Birgunj,285,955.73,272383.05
laptop,Pokhara,27,229.32,6191.639999999999
Headphones,Kathmandu,174,1680.35,292380.89999999997
Smartphone,Pokhara,441,1716.01,756760.41
Headphones,Birgunj,304,1943.27,590754.08
Tablet,Birgunj,112,700.85,78495.2
Headphones,Kathmandu,482,439.62,211896.84
Smartphone,Kathmandu,218,1582.11,344899.98
Headphones,Birgunj,360,999.33,359758.8
Mouse,Birgunj,106,397.87,42174.22
Headphones,Pokhara,29,712.82,20671.780000000002
Tablet,Illam,315,431.83,136026.44999999998
laptop,Birgunj,336,1980.61,665484.96
Tablet,Pokhara,459,1274.53,585009.27
Smartphone,Kathmandu,344,715.05,245977.19999999998
Mouse,Birgunj,433,1027.06,444716.98
Smartphone,Kathmandu,284,1254.62,356312.07999999996
Smartphone,Kathmandu,390,1786.98,696922.2
Smartphone,Illam,75,357.81,26835.75
Mouse,Illam,184,494.21,90934.64
Smartphone,Kathmandu,460,274.05,126063.0
Tablet,Birgunj,115,707.22,81330.3
Smartphone,Kathmandu,184,614.42,113053.28
laptop,Birgunj,446,1965.71,876706.66
Smartphone,Birgunj,187,492.63,92121.81
Tablet,Birgunj,306,1061.06,324684.36
Headphones,Pokhara,117,256.98,30066.660000000003
Smartphone,Kathmandu,44,368.91,16232.04
Smartphone,Pokhara,476,1399.62,666219.12
Mouse,Pokhara,81,126.26,10227.060000000001
Smartphone,Illam,113,1921.35,217112.55
laptop,Illam,162,860.92,139469.03999999998
Headphones,Illam,66,729.81,48167.46
laptop,Kathmandu,329,1518.07,499445.02999999997
Headphones,Pokhara,108,619.27,66881.16
Tablet,Pokhara,428,609.68,260943.03999999998
Headphones,Kathmandu,460,1256.85,578151.0
laptop,Birgunj,248,268.15,66501.2
laptop,Illam,204,1859.32,379301.27999999997
Headphones,Birgunj,331,1077.24,356566.44
Tablet,Illam,175,1480.53,259092.75
Smartphone,Pokhara,328,1774.38,581996.64
Headphones,Illam,374,720.67,269530.57999999996
Mouse,Illam,81,1767.67,143181.27000000002
Smartphone,Birgunj,399,326.39,130229.61
